{"ABCC2": 1, "AGR3": 1, "C11orf90": 1, "C19orf77": 1, "C6orf97": 1, "CCDC6": 1, "CCNB1": 1, "CHRAC1": 1, "CITED4": 1, "CKS1B": 1, "CLEC4F": 1, "EFNA2": 1, "ERBB2": 1, "ESR1": 1, "FADS1": 1, "FGD1": 1, "FGD3": 1, "FGFBP1": 1, "FOXC1": 1, "GLB1": 1, "GPR160": 1, "KRT20": 1, "LAMC3": 1, "LCN1": 1, "LCT": 1, "LOC145837": 1, "MAG": 1, "MAPT": 1, "MBOAT1": 1, "MIA": 1, "NPFFR1": 1, "NUDT9P1": 1, "OLAH": 1, "PHYHD1": 1, "PIF1": 1, "PPP4R4": 1, "RETN": 1, "RNASE3": 1, "SLC6A11": 1, "SLC6A2": 1, "SMC4": 1, "SPAG5": 1, "SPOCK3": 1, "TAC1": 1, "TACC2": 1, "TCAM1P": 1, "TCEAL7": 1, "TCF19": 1, "TMEM194B": 1, "WDR67": 1}