40.444147117496456,22.470657913443077
26.309232291455743,-28.84167329042358
10.435454971938805,-31.947774371745993
8.954928063756912,-21.72182132032569
-15.098170659685861,-32.71385567181968
26.1322317746414,-20.82807739393335
7.39767824878655,4.153813383698949
12.058708150895024,-17.297587429450918
-30.23201191897062,55.594368193977644
-18.085512057905188,-4.930217286308329
-46.69583045789457,69.10811514717146
2.7761038153659747,89.28087312731236
-35.44799548860962,-41.39059076557748
-4.868998708778719,-36.518604794492575
0.7410966072775131,90.32956567620884
16.53922102384692,84.6324497076253
-55.82772072961361,-37.28956325559845
-6.581012803793464,106.09880700568091
-47.37374992824935,100.10980105089482
-27.832620175425863,-30.308286349147373
-20.820710428920336,26.797417167369503
-42.79530153366925,12.72921472125009
-12.889532239894333,-0.3078993388501787
11.313237180029194,-16.564620229746062
32.12157116446257,28.793064456110553
-14.746196085148108,105.6989932713837
64.10861412536394,-15.053007644732647
24.26598507521422,-18.851442201217633
-52.62356179124175,-42.30247394111437
23.87441113151831,29.268573648894673
-43.57457281508407,-37.36314138708315
-43.31168725318592,-26.10384727496536
-6.132609006216389,-41.68512848401172
31.768950682354554,-21.780911721067195
-72.56483979577855,5.568931188414341
-25.206093014994963,21.1166800520904
-61.6315777428453,43.034022732957325
54.621030293384216,-2.3398059431818297
-55.94709254390596,122.42812977015524
-68.72335468763295,26.379089352033628
-6.963642395817688,103.72783115271427
-35.20444750384121,-39.93874104242335
-56.56258059483164,-32.27490235887616
-13.299777244990619,-49.398602632215955
46.873578169277955,-12.062834605725143
31.2207399656311,-23.48624166013292
66.80162625401934,18.85493519646605
-23.93283673066797,39.917983472761954
-35.790260887575485,-52.77085345023546
75.46931968760215,-31.020560293633093
-57.89903785553571,-54.27477899031697
-30.707611720286394,-31.44130332086751
-6.321003647878429,-21.070864412934963
73.92918757075249,-32.947975942535706
18.11161907951507,-29.307236238360037
-13.73678300639302,-3.2170437813192323
42.80309925337491,74.5135104723261
-0.9276492974071163,-30.04480393153409
-48.49319642802091,16.81255632805387
-25.60729393689645,20.271798322499457
40.77136195155327,74.89416947586541
23.49785701185957,-23.999374539108175
-31.536829286200515,93.42122316387386
3.5368849008636647,42.39423186946007
-26.872444881993918,83.86787945026234
-22.99161760368972,-13.278116282658146
20.913701856135358,-17.291419780079806
-6.783662285035362,-14.89043344905959
47.319516031343085,-28.966536174771004
22.376182267968456,-0.4553715456548715
-17.805218960981943,-51.8844249335087
39.26036516986957,-27.51025571465486
-11.307839476222718,79.42603247030385
-20.41795056343246,-47.47286808220774
-46.89550643350574,-7.852205295282077
-22.418805199182593,-2.2743836695808253
32.57413133231369,-36.19507517128352
-44.028677425051775,98.30958183283418
85.85370760185904,-5.288313498272692
48.38726835721989,-21.62939021709134
-9.087026711032669,102.07057383187588
-44.942209631391115,-9.78993822831279
15.480001562758341,-64.90039079298762
-15.240766530180606,-36.29422263075753
-30.552358000435444,-28.361297834774867
29.149067617598373,-29.721137575329177
38.90861395082673,-50.21720148898596
11.215605757732945,83.97272300198897
-35.046666347696764,-42.466968689593486
84.81486103869119,-21.008430946361553
31.999511360237282,-27.814613249911
68.1406889780395,-12.691078735138575
-48.4989841245773,-11.872962294803523
-3.245587318759652,-34.02782648162192
-7.69981530115634,8.655883248587523
-33.371972920646456,-26.49401216819614
63.961955418862324,71.8184033062142
33.728302707352036,-21.794780567242565
8.148696030419028,-34.887086248143994
1.6811198837563357,85.80278580001855
-20.512696838554252,97.42431268228408
-74.43787285166502,98.5755067026228
-80.84324170822441,33.80012134777719
5.444666870494942,32.6152175541145
-13.817602875499912,95.23405613839451
36.624049978563185,87.80722565424385
-9.256823965714235,35.971482893012336
-45.50806806884094,116.57931849613168
13.730390254212791,-16.466355416018878
54.827621099685565,55.69192147189694
72.15899061173126,-13.335655292502306
-48.11384017335441,-65.44770369760859
14.768422365096077,60.80069819434722
0.4109802352249642,-21.533573719852647
-48.62556817516101,20.855531750863676
-42.674443594757015,-54.09070402643938
1.5248189466753441,65.59117610447997
83.5072620517661,-9.403580835379815
56.46406551413904,-16.845779415925655
-20.617238353436985,-50.8794879115118
100.82958171840389,-4.289733617891191
-78.16944377358227,-0.6786891718860332
-10.371984785341104,-26.54308402660547
130.15496881875583,-1.917575272960849
0.10667448337609903,75.46444345448676
14.678385243705595,-32.637327690582005
115.06294711819903,10.53156092221891
-87.0315418572485,-71.22487798279579
105.29276216062182,-29.65508511434762
-20.649522435505567,85.11814391452852
-29.40093449573079,85.3877106591545
130.1878596288802,-18.694175465760043
-49.43318483970203,-29.21069399441314
128.33022821339006,-5.931548696690324
-35.379449725890886,-71.33873948973455
130.4219071156318,-23.996613428242647
26.43273162835438,-16.699509768190968
17.539657101517736,-57.29636255660749
21.21546123243979,53.78501523853022
55.37151958786019,47.214825514271055
6.155537690128544,-36.00588350783328
10.880400618381739,66.39191376601894
-9.308304712647999,-37.778466138022644
-13.641057113837496,-10.056604492375024
3.805816891872194,-2.1605101889883063
-47.17002247094932,-65.71203845349018
-30.140453195376715,-21.07702948163408
31.494415585422416,-28.924147470897765
-73.92735152138751,-47.94437402613813
11.848100896021796,-12.376406832586369
40.17600420440435,-20.475169634402434
17.164006062044674,-5.422615067069617
-14.668653282826412,-31.649524412914147
38.54702059692103,-26.091352902583623
-7.678623816110578,96.1568815525215
21.999843694850703,72.58205213725876
-83.05019671752194,-3.5625491807614402
-73.31674479497627,37.261869086495935
-31.758259918533824,92.79042189964005
27.64612947651732,-21.802955883150833
38.07671268185825,-31.20304258327804
10.228992818430502,87.92044782732303
-41.6016509160546,110.5157761366615
-27.05839609850487,-10.148544200153749
-15.478328713979701,105.01947852549485
-103.11649766401193,-67.48393702468057
-31.707812660637227,-18.447743907297244
2.6119289193834856,-35.14989049931289
-82.16322506033119,-23.94377652726518
-25.496789299706982,19.06454221506106
-49.61393506246263,-36.383631266758
-43.33147138365561,3.0939475983449154
-65.82095739618956,10.459313502107666
-54.87427252276351,-33.201420527198906
-95.66112807268384,-51.18623278462643
-34.398951540226,6.658895065636142
-34.458827544995046,-11.273935585106496
-71.0809019946724,-13.668795182065688
-40.65331494064045,-5.460978595557073
-6.491701185854605,81.46138739999017
31.268345468250324,-3.441858572628065
-12.843024104345597,-26.56478793310242
19.297021696314985,-19.945985776622454
-20.199322951946147,-4.937693960716185
25.76139853163769,-36.556860035593786
-53.710271598338764,-10.635121308562425
-43.56768312507249,95.50767178853334
-48.947480211836954,-44.46290349675582
-34.353766369532295,95.61132501654593
-52.95655463630028,-45.603182690517045
24.162953357663497,83.13742665763029
-46.10853864284202,-6.789293503674654
-71.50605232727958,-27.429554967687157
-49.49166535372742,-6.875790861474259
-52.95193921065511,-37.955576305942415
-68.89933592938752,-70.4125814763166
-51.27370039127541,-21.774611369412327
-26.939271863937748,-31.35428260525751
-41.09530822863096,-39.996736797683305
-69.73376405085072,14.84824582562735
-43.56977639100212,-50.70479489597838
-50.13175079608508,3.052860357254492
-43.6689423753704,-22.466653813255547
60.10772461271888,29.953784910069363
-19.65961235500223,-4.706838235390064
-45.69989674427472,-9.017005541934223
-25.02612963526113,25.08897198123335
-2.8166577572668947,-41.47436461583559
-38.13965125751506,17.80453110631746
0.2107466854787849,96.07225467490568
-46.11014566322127,-34.12877028631399
-23.696154758162162,-33.50958717519114
-6.24059155371447,64.6539141066849
8.546533738425994,-16.259722917287377
-33.262145426125144,-24.112307346684773
-11.932485394462669,-58.65353858591904
-55.29424716696071,-6.249432718058477
-38.472259464790284,-59.64285932156211
-26.791780689928835,32.96926639830928
-13.192168343496585,-30.060515639984523
-9.479613084249756,-26.0318056540287
2.962428400620373,-11.373246114735373
-50.3767716413947,-56.013098367658216
15.829385082543745,-12.331878835439591
-16.57600411868023,-48.388575996724555
-37.213493291406884,-38.45944402060355
14.20549113295395,-1.5955799751592565
-73.16660354440576,-22.689872546599645
-18.342049716202133,5.835422242174675
-57.26163051949756,3.3851222230429765
-71.78891413267532,-38.236889962406416
-63.4078237472576,-14.758185274198592
-50.32127365141327,-27.60389607026743
-24.853201127084734,-16.109967839975447
-23.28720519586382,-20.778439515578647
-49.51464440505067,-40.535211217680185
-5.382425857549252,-70.57303435491876
-38.99753388540706,-14.91215489887016
-16.57126857426279,35.467767012616804
-70.84734979151682,-6.079993736799056
8.15479225947734,-34.870129484308514
-13.08126532298149,-53.041490946752205
24.9649635519436,-33.10729242599513
29.83350004026926,-9.161170322808436
17.012782020039914,35.319589325211844
-44.95724667947296,-31.158514702163156
-38.58887763194307,-48.598919515215435
-24.098741048183605,-52.23413558905558
9.52802151409428,-23.591123812616928
6.014523769117259,-32.452682339697176
44.51593709893575,-1.1710799489099526
-55.80337340335023,-5.17134531164723
126.74446465147994,-13.666184863846102
36.160080397072335,-34.38120820601059
-37.00779660014398,80.92119027981437
-46.905434991160895,-37.461424083964175
50.45307765715488,-15.611583812928119
123.84729052990075,-7.792314992849555
81.0578867130465,-17.681303549768458
84.70601170121418,3.0587175781453544
46.634076355619754,-42.03190892666965
89.62099819676682,-18.792592745686427
-36.83305997850098,-47.31990382226118
68.75188009137186,3.455618284033944
44.79728098123431,-26.83605486393099
9.952187801659807,54.723426124226485
5.834331290179291,-24.656983687877233
-15.213486540079488,103.30608593642998
32.886627945579114,-12.124659464894712
33.13759667199286,-7.720738425682245
6.757205167936381,-3.636072720594767
-48.938203979501715,-36.90333900182955
13.730479576192652,29.06341785493236
22.1442969436795,-6.406242434932569
46.41191922402135,5.089047053166384
-61.32993975555335,-32.49506694043409
-8.006489492465708,2.629056788476033
-44.93785332521378,93.13643230662814
-17.42024391404129,-23.738510801687728
55.38367343719481,-5.893459536033573
-19.617149518222547,118.23950261266123
35.83196546047426,-17.802061446685716
-30.716172760207105,-29.608586972878506
-86.73915367352298,-31.958998817451402
5.680613509249923,66.4688988132538
10.546524627255128,-26.551372210422127
-24.003090030823646,-30.926164303663516
-51.02704006510387,-14.208834217847103
-18.461453641450955,-21.508234004356794
-20.821576218937327,-9.63320128744609
-20.453958693910412,-21.896359408365594
-10.86526636131524,-10.586799119691253
-48.37351627040675,42.60404125054288
-55.685136090073954,78.49469895077172
-53.830794478310615,18.369383644769325
-103.74668108001687,5.796823142717538
3.3136905395008704,80.62277935764327
-36.36360379560538,36.79911587019161
-31.833311504317837,80.28848364896814
-26.92787479392026,10.11784622936586
-22.064715739939917,100.60938830102134
-35.06456554257454,-10.67902812197368
-22.856303696249807,-34.621746742251894
-9.192752155469469,85.73596685078226
-60.567708819483826,-43.34666484712683
-44.55428477303075,63.47296211460342
59.41024803561325,-9.1132406169772
33.94243277938795,-47.422234584598264
-45.85223718580408,-4.0398985438006
-36.55679815117748,-0.08081682143307656
-21.90900473709583,-26.362240091969163
29.564094604480342,64.04370759869428
-29.096940380929897,-1.8202447015729206
-44.967620260389104,-27.478926075243482
-30.326083507289187,73.1673238468446
38.96946249911969,-37.383875395905974
11.830089642702237,7.457731739312772
-20.23409859950773,-28.005181711273472
-44.314022202853074,-49.961522813415876
-80.02151223082731,-40.58867336045324
8.39630830563759,-24.10086438739078
-2.028311195730975,-46.94574316297758
2.928452244970174,87.11307334826643
20.496675285117327,-29.96542167800116
2.880143167603915,2.1795633794808436
-24.169795824342085,-5.958786221747651
-11.96243654092343,13.515042330632665
-49.731929817869535,-10.39140893121042
-55.528828064515416,7.08020367071748
-63.53699081152824,-19.77814974799252
-14.373796505581234,10.707138181685941
-19.06392444528027,-0.6067048877294577
51.6705548159115,35.22714486796152
-7.34954576139966,-28.333168998962865
-53.766675900485275,57.18005388680934
-96.55313788924657,-40.21403679236603
17.087944930941298,94.14519637725559
14.704867933573317,-30.221354855376884
-37.42169635998959,103.35214008641161
-79.09380298318739,-35.329156056447566
-23.48678989093768,-34.377876345019104
35.993219188279134,4.496138642405596
5.122937187785296,-19.049514831449475
-6.5642308746426785,26.580529226604742
46.14179916434089,31.822234322278817
-45.995976086582836,7.94794006982261
2.9976855334999124,20.75829855610092
46.58548137732013,-35.64421051599892
25.976216646554,-30.091740651935403
-40.5869724994858,-55.594164780566125
41.42810048732513,-20.873295002984904
-10.286123492558954,72.85723601926101
-45.453916190492414,-6.56968132621211
-21.55082043119564,100.25717749191338
-90.78220995953365,-62.100110435289416
-18.80229393824282,-26.267646739726363
-8.409293303015984,87.13684801541785
3.3458798934967375,104.58180394692324
34.588734585379775,-26.49655095417735
-76.43979002450737,-49.12145999140605
7.455282907143202,-42.213403322888176
10.86209627349455,32.262569665446904
21.95326873270883,-29.35459883494263
6.852424324256452,69.01701869113207
-11.768140173928934,-21.31970676711089
-62.588444539562175,-52.1595225362013
92.44516477443898,-14.547772846395512
-48.56696432888319,-50.09340917062849
-49.37417085693055,99.19811984616827
-6.473340220521407,-29.73433738884954
-31.03304386694919,-5.280740072139573
-47.6918588909102,-33.220334431900845
53.94671710544092,72.09631221831972
-36.60819944194799,7.904300109545406
-5.606268369416067,-20.71495461821459
-66.33475152557008,-45.38376977356681
23.63927711247882,-36.57132362145996
-67.50509536642309,102.2409452104775
43.59095855465789,-2.8999170522639695
-5.986884075705732,74.70673169828285
-23.44793886532129,1.7366457612893917
-69.27942501649875,-68.08811814723734
44.109487257557426,75.90645652360304
-3.166841613091401,15.829401232303281
-51.01060382445469,119.46371692105633
-69.30750493602343,-5.956950841448825
-70.48677125484244,-1.4008314610551238
12.519325903405447,11.697838713915912
-54.96856840016388,-0.11228422189652393
-45.473009071853696,-45.12203354354077
-30.577989755637642,95.84041814337131
10.412081955365796,51.388724051536464
-48.595867597664544,-7.432413291398799
-42.09565098560894,-29.27894092740127
0.6903575948661022,92.87576328497515
-26.862317529770255,71.15919781257531
-21.196767220777584,109.8384722443199
39.29491718969478,85.5504198926218
32.37005978432772,-18.082054917390938
59.28853023582594,-36.8532320679034
30.669469503348907,-26.10715433055431
13.249622248679813,-22.33902438159455
59.8470132712142,46.52559550447346
-6.3044466284788525,-12.632341724370951
-8.199348397442805,109.03806371255651
25.941774773896146,71.77075313255831
-73.84273478902135,-23.44972865359974
-17.90215706753669,17.26412151412358
27.692966175501255,-23.739862085282372
17.90602227474139,20.910032604314512
30.499571262482185,0.6102994660300569
-8.512607512003607,84.55646568474693
-55.05845981607279,-8.127838045714546
-62.553863172355044,-41.68156293872241
3.6025250961581654,-40.083975815339976
12.691994100070412,-46.69261228228281
-31.259317177251237,-34.31200343696613
64.26433655031497,-27.55002822403774
7.3067620778210784,-30.96778612303749
25.390305073954224,65.87070895783319
-33.76828336623059,-26.85175817315647
17.084386975193016,3.510081336156715
34.555920577995074,-34.44176254911304
24.002456774527985,31.02182123070033
-4.379909964425984,-27.791653014748196
70.52891598397915,-38.85497501383449
-7.817523785363684,-35.13705775552392
-41.19025664706211,-31.533043055028102
-15.798550232392103,-6.970310465003147
21.781273519236038,69.32507382981225
51.78156439617697,-5.145037574223622
1.7279849190694823,14.002973873116515
21.606079818900533,-21.873831259996535
-11.303041091252489,90.74154408051622
-7.614435942418216,-44.85330293078299
39.3395089964402,29.01015234013376
10.836406422750718,11.279409673872433
-37.53307522489461,-32.02107315350283
-39.254018824742104,-27.969365549371332
43.28069605681406,-43.38306009440016
81.94780058342745,-36.009783184712155
38.10614729670079,-5.379913554244511
86.07764799135708,-7.102145570675032
46.11379818092095,59.5737402274251
17.349093446057136,-23.773512487164606
16.777734609091524,-20.10522682809522
23.767897288780667,-10.297068206874537
-5.896159339567584,98.76994336424632
-59.06569871744952,98.02338297003449
-36.81029847516718,115.78236340404806
-36.26160178050365,-1.270041623836273
-0.20075829756269892,77.7157199023105
-40.14479365932825,-41.06781775961179
-43.152889553043,0.7008673548742632
-117.99142890689338,-25.058175119222412
-74.18424069461688,-32.90730273538593
-93.55955043351128,-74.55527014416927
-30.087092716746877,2.8889652857046575
-44.4470452972421,-3.977789675880573
59.82543029446582,-21.46367197018142
-26.43014782728536,118.41594694800179
-22.082446606171683,19.610864135366175
-29.61205883798744,-43.26022305822349
-0.38387536460182936,4.049296300543283
-46.506501170003574,-17.993496795829884
-10.559940496792736,-26.0665239028679
-21.036819177968127,94.45286081393269
-23.894087644536786,98.8779165155157
-53.68495705420981,-24.973523976781454
-37.78644084904744,14.298869233054837
-28.104062056430728,-31.535962561394047
-134.49008554454,-38.45574610587775
-48.04376632215452,-51.78443264704287
-21.927699841620996,-51.40318925563692
-44.621134932270266,-41.62746995052
-10.106622260076653,-49.20573452456921
49.03626391370151,-25.766859554888185
-12.29087037634214,46.58261004901554
37.88094388837855,82.7041896416792
34.845235019156,52.85455609077524
7.940196663420149,-24.112242505320843
-6.490364827699924,-13.034084359337756
-13.797226763251155,-41.42325974736528
-63.44973528004792,-41.42573701063644
-54.45681366751332,-25.3809520964407
29.586800866185133,60.29560466319796
15.419562233026259,-0.6202996767120518
-54.5508101097089,-43.105260583478646
-51.94789244011485,-29.338748831472895
-30.741427076210467,86.37814435284582
-65.63554265912563,-59.654277873734735
-83.43898872206577,-29.897643353272954
21.672616838485684,-40.13709501052028
-46.30756433338381,-51.399291173773456
-35.94862416045622,68.24157548110608
5.461078492754901,-54.38214103540148
-16.614239781045804,-3.788991339526109
-31.93306865751948,-56.72198217305847
-1.8898757714736971,4.736946261236784
-41.639818790265515,96.08106294235539
-21.48267733260607,-12.130220325460964
-31.80726321604118,-20.120111717431346
-22.985290350123226,-12.499262788924446
-11.7941646533012,-23.676577556160357
88.22632425837313,-24.75374076341635
26.095223379499455,73.11531992057309
-4.397277127284563,40.52276355054418
-3.132622076593179,-1.6322887056920077
115.46273123023872,-20.20728241464278
40.09977663800211,-18.09529098330728
101.08206447720144,-35.116364474331455
31.52858622161581,-10.580837594341197
-1.6453545885419212,-21.242438770923233
-5.908796357299446,98.51680047960654
106.84230740785321,-20.103657787702605
6.36277810751875,-27.46906253884292
113.31064762383207,-11.901519602447037
-2.062499012379361,9.43132884052
36.82625187058598,17.111072221059576
86.41906469449029,-19.19623682495541
-27.516287470661226,-36.71156807016395
131.80209446726514,-10.321318465664996
-11.084920637723519,101.92207153451936
31.878258090312492,-28.402301939316644
113.30954260126414,-11.30323478788758
1.1179451206457636,-5.939639335162272
107.53110563644208,-2.0417800975276466
1.9872142184887898,-2.6905529979278224
19.502935857572627,17.158466222885743
16.54323641552982,87.77862701006846
17.175457905021446,-29.592290598914854
97.53740132609082,-10.38570050125977
58.27739262674499,66.05317625667587
45.40868353388527,-29.456956222715732
77.07772587837853,0.8426770420813195
68.4035380799684,-25.627552821256273
34.78609488781457,-16.830749650876815
19.714288515497152,-14.031327594411456
98.8908523492635,-12.6957741341225
8.449777687325698,6.256619849163875
-39.31533276607317,-58.2628204835608
83.13194672624694,-9.298042759731333
-30.99651869517499,-1.958801092200484
72.39006947938076,-29.04541107385808
-25.58590314911177,-31.273846186919545
94.85973492351121,-21.188367851894228
10.001370471682975,79.1506421209424
100.93770392738435,33.134881829195905
-28.961010041152175,24.6546209325415
122.10064213711178,-26.221110523522153
-35.727296024692095,31.44354269979689
96.77529113476758,-26.9424328701292
3.6296501692657324,-16.493790588638102
46.16614203825689,-16.424024910560867
98.2435700005263,-13.843085574602444
-14.934966038779974,-21.309368371383105
31.532820061262345,-27.344952558572714
25.59872475631236,-4.50578896084005
99.46667335412566,-23.01732322872224
-37.705490327858165,-39.4252268861955
95.04311424878048,-7.189996754294835
47.69058817668516,-3.0967819023608687
25.349159534951607,9.515647896511853
58.27229698530969,-33.805439708364894
-7.976136637042534,88.10400544415397
119.2699900728393,-5.5643842763130555
35.84973904381309,-43.8272667797057
104.1006053011812,-13.185490409451301
27.603026684751264,-29.727316972313613
88.62471843500981,-40.30576368715757
20.818201630255214,-23.942703890391666
86.2415357949956,-35.56163935389188
-10.80917253404418,-20.279237361287016
25.830519779596784,-29.67667232860723
91.79206405001536,-31.785957103211203
69.70036149093865,-25.855917088810155
96.59766939757728,-30.286358890801864
21.690530903561466,-6.190813415366539
-27.112861046821514,15.320786700605016
47.69446794506494,5.539419279562617
-42.17198321337672,72.46334192665621
51.712419696675326,-13.207607245210683
-23.674123878213603,-31.47795259849197
66.85471123558135,-3.812172252533262
-19.13629095921661,-8.282300474683431
-6.526155089096454,92.84657746547904
-42.34156253247054,-69.57171332169511
52.18490511311437,-32.949552992513915
56.9838965638422,-37.68696986537065
-2.21312404119685,-28.41345373651721
-65.2272279373453,55.35706017671953
-3.344525393149686,-48.10564673507752
-11.311271891960459,15.682425746877067
-16.19668582414946,-21.276440102438144
-59.272489467773575,-44.78332948702602
45.781011452518975,-31.220361374521836
40.367298832243996,0.3046396365470645
99.91613862002535,-27.718384597982844
-17.668386151096943,-38.65818645843746
-25.212546762765818,-5.780018622494832
61.374509057339495,-6.730649022905257
-27.605041378606266,-24.650046838032104
-1.785194329827396,-13.258984954490176
82.17102154990525,-5.976464979526147
-38.117978909191365,9.083006068041609
21.31228352697026,-8.21257260571151
-22.241062412638822,-49.09162390190232
22.069313792679736,-12.22935639666749
95.25402142156585,-9.054182520211304
-72.18690902870675,-48.38782198178385
-94.08224480983765,-53.71580733747742
-26.766450421024455,-44.88044066545875
27.51869077538791,-28.014987131142142
-4.542723114749289,-34.92421898221753
-61.787119777513745,0.03908960805402059
-82.20385235251902,-55.94380586150303
-12.548871339072097,-20.47811935671157
-34.9075693687114,-7.700327675013361
22.282475928738616,88.69370368880195
-69.6618808945107,-67.53547855899977
16.448353603101946,-44.54896679113361
36.27386703310263,-16.838041433290645
6.95545929336075,-3.9857642066742454
6.47798308109126,88.24239197697085
26.2404793713955,-12.035394372199448
-38.63465736534542,80.742603740082
-16.850094026214396,-10.665127538667127
17.78407438712697,-21.897932655997067
-26.98242544313966,-4.1440621686081025
101.4315035362332,-16.036583923147937
-11.945731684749873,-16.98728754188253
106.90618751331726,-32.864299144553094
-73.51139023092222,-32.498866657830675
115.8308752445741,-20.68383977418249
29.292560343410845,-33.08491609000547
112.69261326507521,-22.603350274042125
-39.39120789334135,-62.053323679515465
117.86671127632896,-31.44757351748438
-20.422258988782207,-16.943307759881854
122.56845947332445,-31.048963640149157
37.98321613638089,55.8127602164357
116.96494891062116,-25.513709627450105
-17.914794336249027,-1.1494078695598717
123.96509900195072,-27.959023879301814
-54.0816739083053,-64.41381649917
107.48061782401285,-6.674648803784126
-38.631351530746905,98.17468014125494
-45.09659283728754,-3.399530455552588
100.75287834584171,-7.946321496364699
2.6687221843660462,99.096520451686
79.16799811612756,6.088970767922636
-46.600609979418635,-2.608946180988095
129.65478651560957,-12.599167605177621
25.156531574317892,-19.8699545306667
113.89612336019471,14.62776816975654
-26.27418842198645,-27.03181443700719
9.570758322252182,-64.62323111305209
125.67647512829356,-32.22259480053655
72.02980110292968,-37.611145899443315
119.42804953465163,-28.570666282106746
-28.28528007888465,-27.96422094293615
118.15175940987645,-13.375556203420677
6.762987273927928,-15.943692489503215
82.85792741864609,-34.603615215524655
12.588245405207315,-12.265590686452144
1.1099195188062205,-16.11049806103623
63.34900591867678,72.86765991855897
122.72987545643434,-16.50005632372813
16.36144626473523,-21.324142092263198
132.79144179530164,-19.747621721344753
-24.450206095146672,-67.06232093229268
-3.3905332041224208,96.08159178897407
141.4986010499609,-20.904508419149188
-41.908567754937415,-26.589752497491233
110.66350616341154,-6.44127653378459
68.01750244612235,-18.005501001981873
103.04041763258283,-19.1123374534381
-36.42537362237413,109.4105106957887
107.37162926704308,-13.802776388186047
-49.35064692088475,-11.087359447663804
120.73487403514021,-27.974039989588046
35.62636574193304,-5.605790513954231
111.82517660495002,-13.235152460099446
-55.70903027916636,-45.85916985432651
106.852230283379,-21.794954086337103
83.497654710244,-24.38002907600537
116.33486456312316,7.531410078876555
-60.662467220946446,-46.4645191281606
125.89593534525629,-25.222861919640124
-16.573852210338472,-46.257783371602216
-35.374096462800026,-23.206724962721065
121.10367640578433,-23.517084443038677
-22.67338170703306,17.012011630151278
113.5626219392727,13.145745133114403
-20.204481938689817,-43.462640922454895
107.29418085984419,-14.428689703810543
39.912414413376936,33.57745724873472
110.63139820598556,-25.636714256924247
29.57152874720815,-17.259549752790843
-17.302253866577875,15.501019588028916
-9.874741839138704,25.64999657541217
126.0267021067589,-19.20698347969594
-55.93501319566403,-53.98846876671692
137.43301811696162,-19.301256238602818
59.43456608803966,24.400159594916854
101.83144269917042,-17.23438857888589
-14.667430782317888,36.586315115360726
126.04124610214491,-7.569814655352202
86.48492008617372,-11.574643217935757
0.7323146312871321,-51.31974340556982
12.718472337130798,-4.162605366727564
-40.85381494073507,2.2824592858363077
60.5273248023171,19.632684745244998
44.11625318534257,-16.355476418447704
-39.20984542510964,98.61312140618185
-20.637082891613506,7.644857220846081
-82.0858070653999,-26.360407302628932
52.28654008602926,54.4394194585561
-54.910084310257105,-44.96900369996845
51.71697428687515,1.4465464257139935
60.89409229999657,-20.73243847838244
-9.78158720637288,105.54071987918759
-35.0752270872638,47.34417408988734
-52.16826641798064,-36.596106161278904
-19.938227544411333,-32.13310237097529
-7.265083353577104,-0.2522279586067345
-27.911331328471913,44.76884280646771
4.479802315077989,4.570946697865196
-37.82921616126766,7.78311491538567
-91.98495682825116,10.138771676096926
26.18495046656083,88.4635103934304
-34.45812271585998,-0.3648187219835655
-76.09856387507182,-20.490339260301177
-54.40121584446944,-7.75100217280064
-55.1776518343033,-3.005030054829681
-24.53309703818589,15.137433688683526
-30.43782442975759,63.439814570533
25.622514347405268,2.296760355687499
-106.63693249582556,-48.641368467028414
-4.05188695256682,93.53745598531152
5.520017477414531,33.825093426836844
-58.79974034325531,5.636059343443251
-3.9573477075100967,10.670162469686591
-20.294753055002808,-58.18571512003783
-35.93926871637852,38.857716662461556
-49.7799959107035,19.81965267748009
-5.5159859369689235,-24.88238330192062
-0.2465741646083217,92.37383886859935
-47.195715265989584,10.51901232776918
-38.21314838094581,-10.806204866553303
-54.207182430375205,25.406667459691082
-74.25858346869289,-17.988561348109926
-59.34366182324738,-41.29314560304496
-45.85988051135984,-14.54532360334685
-6.652435523905027,-6.247310431916931
1.2552354199709033,49.20843443833341
-35.14640509464273,36.01256570103288
-46.730767515231115,-41.70170488178672
-44.202299004203304,-10.929231657166042
-56.86125653987209,-32.633571173546706
-23.204286845499496,40.17601607116372
-11.914434201357828,32.638924507235856
-49.215232866344905,-17.070113452086467
-24.548149372017846,107.84303786840745
51.47585464440343,-10.124745690479173
-30.468824325637815,-31.744061818665614
-19.379260385594982,46.593684749545936
-15.145784377398131,8.863986699097378
44.5583114333207,12.121191387445545
-41.3915270077181,-0.7754629283640085
-3.582353025007839,55.56696880694814
-22.362870504529575,-35.92954168331405
29.1926367739006,-2.945509839398667
17.53977949453641,65.95223851698208
-28.813579652632058,72.50490068768558
46.668223100498544,-36.651416270724226
32.62347506114666,-39.47944159376117
8.794075409925364,83.6248896390938
-18.603853826731193,-1.82288117011581
-21.73556698946566,-10.687240893737437
-27.118845098805643,-4.718717233917591
38.753198274879914,-10.98327654454331
-18.731302681640205,-9.18838302574603
-25.029480076761647,-13.5553227582364
-22.900722629586962,-52.412990631197694
-3.719206194576383,5.82805018865778
-6.343764337401056,34.497410944791
44.884920423339516,-38.26483925125658
-65.77598154282745,-71.48117093325178
-26.046075820766728,-5.80668055844731
-16.706043402140512,58.78884772156273
26.90581947761476,76.73983692080415
-34.71482042232149,87.78038272508078
-41.02591338187141,-32.43304377555537
2.0376326522864296,-1.6162783845046877
-104.37776827915776,-53.875973256682904
-78.37547516379948,-40.26382853327685
68.2462613269787,-37.310282068277125
-46.549348081737975,-30.356837942519903
-75.05808045639981,-45.55986349414313
-26.221187682034635,-45.80399092009296
15.454851706106467,-44.74141355840633
-31.729444776196132,-21.04364133312174
-41.29861545807805,-37.637609810236135
4.344174845016516,-37.15836994129398
-66.8285454379317,-69.98031112863711
-17.150593158384705,-37.20833104291671
-80.47118082136215,-14.118628496642994
-19.898222682666344,-39.74839081754563
-46.824869713927164,9.354884652321832
-23.275858897630997,106.01383046725013
-64.08743076836808,28.46050258498247
25.701900069444044,-22.529241752314682
7.35255604797326,-43.57305538291553
-13.547094857036603,92.48903041182061
-37.16378436189108,-52.36309418368778
-8.3008765344374,33.48524492923671
2.66365964539282,-35.92100247685472
-58.745770160824854,-62.435204898100174
27.880386408001897,57.266474168750186
-9.17926876395287,-37.68689330876739
-38.56611877224314,-2.6372332103514964
19.643828468128227,-22.436056994335104
-36.6646673574463,-20.044064473526934
1.0953261925227908,13.58313902658868
-93.75908474714109,48.74025558585032
-33.331814083485945,-62.07334322485303
11.53191934986059,90.57673533957079
-0.265152422549877,-22.8165180230282
26.54252947491564,65.49244518262849
62.59968403938302,-21.496397528889176
22.86877899086463,-35.404872388216546
35.82272361650279,-32.579461892085135
48.913843511927844,73.5567130311344
-12.193775280616293,8.726415125888543
8.482691212665896,-46.78516368248248
-28.147781289868217,8.587131028369045
14.804339579297237,-31.282856163806883
22.44194320535015,-41.27190914868219
-32.06901138877326,-10.482619396953018
32.55870688061563,-32.963724455465744
-17.69843816928293,-36.17670565819439
59.46749900175569,-28.35639679351645
36.56469282778913,2.2376006296098025
-6.6552745380314455,-22.37700288625023
-4.674660773207373,-42.84072308682901
-53.80622114729162,-28.322622757467038
-57.979419644843055,-50.11457730269314
-54.706662853716914,-24.348479874715743
69.48147487291864,19.631699759021352
-51.69071786491938,-15.807265027997785
-44.83292061031871,-43.029662362476614
-12.453124540457894,-37.07173239968634
-52.05692551396258,2.6348814684951556
-10.722277543639704,-40.059844560547056
13.725059022740899,-24.90029934375063
-27.64837958079839,108.16891426348889
-94.35012400617734,-24.08303315327798
-28.64290117356054,37.425408296404854
4.057448740241569,-32.623054172759055
-39.6380906539422,114.32405839431986
-43.384969506577036,-35.793345411878434
-38.265894200309944,-28.21012929467091
26.842369206370215,-36.14630029382922
-41.196754903309575,-9.782067801240055
20.097362134105808,76.0824711062754
-46.051195084709434,95.823209848091
5.267351280433937,10.506756964824474
4.291346315967066,84.20154619564349
-17.665783919919843,0.3293917395923527
1.8010517800884462,-28.97511885418915
88.73048606716524,-10.532762953314483
-48.479579132827155,-48.78794534021855
-65.73978014865992,-48.280333694198326
-70.03807480996947,-76.2117119362003
-28.888487239971028,76.99577490362549
130.6722861314469,-5.640349795290879
-1.9136768573215626,71.9554734704717
-45.265194096762265,-3.7278017398982914
-0.1203802094163236,-43.904918231735465
11.912381769400458,-42.12402406398542
24.877419643144904,-31.51294695190103
-13.262721608320142,-31.82642545918766
-36.2361902968061,-74.94976153400316
-35.691893597078725,-20.824522227072688
24.170957121186916,-53.05455792839932
138.3893411334695,-21.991582570730035
-68.13736347711485,-44.27766827210188
-41.01893711407516,-19.364738223567894
98.34039554065653,21.445224005052445
-29.361517619951027,-47.21323435364602
48.173524753806596,-5.178060918696119
125.5714197206475,-23.724346622211474
-45.09653965144152,-27.162494752986525
9.803709337297954,-50.20907681052631
-56.154402339572854,-58.539591942109695
-52.37530584890654,-34.13538924943873
-54.4651371430102,-56.41676410399773
29.105025468478118,67.69776810028027
4.439384584550648,42.17296065585266
64.76134341748647,-5.374324042493153
-37.290820080310205,-52.632895926812964
34.041176371072325,9.149559442294095
8.06054258103204,103.84985811070266
33.655281723142686,-57.93546642047287
103.19414119906868,-5.95131313945278
-25.166936640774853,-36.862454962402026
-44.24872894935338,-56.57696725822636
6.652226949358885,-4.916644513176195
-18.740741683118184,-19.478963660721263
123.1191940851931,-9.741103032253134
30.73492411971747,-4.197925810760834
-20.073378967817394,101.73106213730783
39.55480190284584,-17.14373046339039
-24.451544376150057,-24.682400689399167
12.376495748515646,-55.32178322173224
-15.997748184310863,-31.797986490088093
36.62388516595283,-22.327876107133992
-9.836922237234507,-52.24565394469908
24.319804693926784,-44.89842984304497
-12.423223463189629,15.877652723016634
93.7655006681283,-4.812142637609506
0.4658151675590023,-43.23133234960326
3.1709069755099972,-17.15016913983792
-34.36264223825225,5.277751708188875
-32.499358886912475,-6.765997829947032
64.68275813320786,-3.1633215416965395
5.127855006322231,33.344353376793244
-25.266560796179107,71.57175844455185
8.418023914077171,108.78925982896233
71.89561223763383,-16.27686405365839
-16.200127947235,104.98194541575725
-58.17148807303306,109.05222318512337
-15.077571227561396,62.42290933889781
3.64060634903749,55.81101666036197
121.36842484312245,-11.429803503071192
-43.11778716329734,-3.798293623121791
-34.270199666671054,-36.37001393581653
64.6809156114716,-23.944141334447043
-67.87643808518386,-24.054162632911776
-19.050999003560836,-25.745114549211667
-89.26506474749071,-25.2599643164365
-12.177740329209506,114.5788810141779
-67.53125827908609,101.93852144546464
-62.91378678327202,-2.873173143160189
-36.65846002825668,-61.780333728787205
13.760967369385936,-17.723239361732848
81.8723545806804,-13.006730969287133
-3.4211420083154636,-31.54707624597791
71.08083800942441,10.503857610379441
-30.389698704990266,9.659544703588821
115.34152783179596,2.3310432566518786
-17.719677050131153,75.63007184680598
4.766954248845677,8.960007244569393
102.4595207416673,-18.071060406147943
-36.594459461348194,5.091945236160044
119.35906644934495,-5.9164813105491625
12.88934419403129,104.4520101790936
-4.7507009333443895,92.11800586343712
101.92316298584136,25.853001993555655
35.318619241432536,0.16878761257743213
7.379518603182488,-3.8989832243985467
126.16735701786288,-1.6643740574046726
18.85386671543763,-8.264321903475102
129.6923594313596,-11.024049538379016
9.375374881750282,-35.28262851250026
-44.03215169072102,-28.238182454018187
40.0644010703245,-12.619369385704381
20.613130893349982,-43.378818165284905
-11.69929981219478,-13.246411309306092
8.975773578419606,-29.772086091103198
-18.868542079448957,-13.045987637087768
-29.088551328819072,-46.901601635013016
-69.16690315301584,-44.40253657423291
-43.95110349528306,-42.58149485434238
144.1133930737585,-16.93775619902052
-11.865861050399864,-23.617362835127626
-42.45001209140524,9.971430053196947
124.23165820369302,-13.528204442565244
-45.8730918441151,-41.53885740958531
124.74959102708128,-9.189122071210665
-24.2089710260444,-61.44116597872794
130.89327269297377,-17.064884148560925
-50.066169798260624,-43.706859702680944
-21.0705128768443,2.0474476913440367
132.83249513598506,-14.049705587360823
-74.11626744029044,9.386524578332036
-28.456747926312993,36.5847890061275
130.65646062330816,-17.53395573660937
14.233618483838747,-41.86231160676735
132.7051326084157,-27.001514143442463
-23.17858594625069,-28.766894148739574
10.271640954781663,-28.36352491291647
-52.52846945936748,-30.181487268284602
10.373783687687032,-22.282733886512755
-8.441068166581509,15.088712588995893
-11.401133807839134,-13.280627402473135
-45.24837256831874,5.597811084989996
12.011286686346557,-3.5031813403623873
-34.1792617649769,112.91184726719469
-36.158290003827794,-50.547002505930216
37.02831924546729,62.72592497540351
-2.6945934354754133,87.84651483712504
-19.957445298435857,-47.67083367986929
-42.97240025841732,-13.972394437402853
0.011629080429040928,49.223215690542446
-54.628750220151694,-34.93887142682595
-10.264233692041913,-44.118648036586826
2.0904992719842848,-16.615494408644015
-52.234325902515636,-8.850940561692871
54.041581251338656,14.737108691470363
-35.9191630474392,-5.47534859997123
9.149431047266487,-55.29817402682398
-3.424454032679042,110.79260921474128
-8.735129424148662,19.535842251064736
-105.19518561018096,-50.999266508774404
12.89618055458309,16.46471802528886
-0.6758976691123506,75.84197810954907
-105.90676420674342,-48.94751235592076
-107.34831924855287,-28.803702507471165
-36.56225043789051,5.051914413414049
19.178052975367535,-14.893479281562845
29.05858019428332,-50.3067505820832
20.682510064181113,-15.086702255782248
-23.834064521716208,19.158236238462493
-48.20095740257759,-46.052790576740435
49.77765475933909,-38.33539304307339
-16.180065833938492,-42.99765520922497
-0.2702160723877395,-25.95189420112666
-30.079899060004646,-5.504990199388608
-1.1912436879765413,38.61589298966599
11.768661215218332,91.22863822049058
-95.17219857529082,-61.251585855705954
-50.13928445483713,-4.5784949882052555
-47.43841301318411,-0.4264649343619382
-51.239255092672515,-34.09466611068301
85.41629598808586,16.40347133072658
-12.016758664288762,-30.168336186550224
-4.272981136932292,99.2049004573965
-41.936771799671334,-28.286119340097333
-33.06788544342756,-33.34475354578406
75.57253745041797,55.77419812635131
-6.737999388439379,98.12804317011583
-5.021967779535384,-16.161715996420643
-36.67731392558037,114.99453346616853
-63.07250989456284,21.562744778004895
0.3742970568713593,-31.539798921620083
17.51815635644209,-21.843399449370697
50.05328835364971,-10.472066481397954
-4.9434730233207835,93.3666485871867
15.551548462730585,16.87040117166252
-0.8816452207785088,-2.619366793129775
10.812952769899061,9.121311776811462
-68.5748144014525,-30.42292416043022
14.57222401256421,-18.518864884755388
47.16953880333436,84.40573963160777
-61.36061273585593,-12.716444344432697
-11.251275362521042,-26.445218725212808
21.34227503989338,-35.731937587131284
66.74436875569876,-5.872339081183928
12.310359191213207,77.29536080572902
119.21883592010927,1.399001223227554
-14.2481150453233,-28.659725904161295
23.175280060206052,-5.575072680749035
-30.595275115003968,58.70845134873666
-55.46752220623032,-39.99064787798649
20.159306510892094,46.66239319243799
2.3329718180099563,103.84493421316904
-9.50225015138937,31.148250135197337
42.62012671390228,-6.6560875558836825
14.134091167837306,-7.860293633868136
-2.192722810707097,-2.209902217315119
-44.65750664787314,-41.601498018201966
10.481723849050377,5.005164528553732
-19.884065303702613,16.583065435828804
-13.084942630121999,-35.582570629569005
-7.715221395109867,-24.093348728996368
29.354940217227224,-10.525665403292145
-54.321279373470944,112.25658542122294
40.783948995012246,-12.101919611163364
76.59308191235213,-3.6430055586513954
-15.677680343831904,-36.245689838519624
15.757418186514334,-30.530022982647903
-20.040042784796075,86.07778167565027
57.395654905929575,-31.54708092402538
12.756378012635446,56.39550418141065
-36.317992793963334,-15.45411427152991
-3.735277168903602,-9.758024010931015
44.93737251607407,-8.34894924140173
21.152437311587224,7.996354446585366
14.652957636537602,-37.08351115933045
81.71368185441868,-5.73011995607725
47.33862572696614,60.386273366194615
-59.19344914160223,-57.716636348967626
-68.52528065788059,-23.020391125712056
-29.730498481430438,20.6087191007893
-85.32467222591953,10.81027625171707
-30.230922751999213,30.111279125861042
-4.000168085769791,75.79458390730764
13.600042163645005,88.40189768912246
-114.00247459981286,-44.343673184481254
-83.9180376391843,-9.26111894856363
-41.17789235174498,108.38151125460493
54.967029557694566,58.34570650749806
34.75662369917186,34.79119138216186
0.6748808136037706,19.70113565274367
-60.317669806690446,40.54122246970248
-55.69797424788223,14.376249500595069
-28.06280616113647,100.14315023737092
-26.672810419048865,-34.56854323480526
36.471993052305585,-31.017920318460448
24.418464979269107,1.8623234509647923
13.143200173538295,15.048213499576997
-54.991638874605925,127.78117877995076
-53.461600911223364,-30.05132524829109
-23.487113536347834,-26.3188403505245
12.357334462845584,-19.44352019628329
18.76460778546548,-36.93829803050411
-38.05325844603016,105.58994406926244
30.490118828369223,-21.567596126459126
41.47202027284137,55.268905090424184
-71.72321124932543,26.048520584860952
-6.054079393251329,110.76334428376416
-36.91817565082009,-13.814572805740918
7.473598898896129,105.84641795734252
15.457176062176384,-25.88421954173207
-12.763933515766826,-41.659584541653636
-0.2501861913653343,2.570616732776227
1.3439119694566708,1.810596641135441
-91.1725698667959,-14.238458889612367
-5.767231289318954,61.13367314552297
-40.366293281794675,97.3206835465073
-27.88065201769347,-47.43956298742454
-27.941277917748398,-11.348186749172639
-7.695107038996224,-25.261910137201703
-0.006159288078712882,-1.6870014038859023
21.816213249832856,89.62256242689249
-27.511120418143886,-11.993292265561598
-31.813722009229654,-39.64850067945318
-56.562356454252004,-16.463602724517834
22.021101999776334,-31.47160052673186
51.38115593244673,-6.13455912626108
56.82000963913467,0.05568376368080202
